{
	"name": "test_images/train_112_other.jpg",
	"mean": 3.743027649819851,
	"std": 2.5536881493008696
}